{
  "schema_version": 1,
  "failed_reloads_per_session": 5,
  "default_packs": [
    "seasons:seasonal_lush_caves",
    "file/Stay_True_1.20.zip",
    "file/MandalasGUI_Dakmode_Vanilla1.20.4.zip",
    "file/Mandalas_Legacy_Gui_Background.zip",
    "file/Better_Modded_GUI.zip",
    "autoslabs:distinct_slabs",
    "file/Icon Xaero's 1.14 HF.zip",
    "file/NoBushyLeaves.zip",
    "file/bettergrass:default",
    "file/AutoslabsCompat.zip"

  ],
  "default_overrides": {
    "force_compatible": true
  },
  "pack_overrides": {
    "file/MoreStructures-SpacingTweaks-1.20.1-2.1.56.zip": {
      "hidden": true
    },
    "file/FarmersDelight_ToolFix_1.1+1.20.x.zip": {
      "hidden": true
    },
    "file/WDA-NoFlyingStructures-OWEND-1.18.2-1.20.1.zip": {
      "hidden": true
    },
    "file/LessStructures-SpacingTweaks-1.20.1-2.1.56.zip": {
      "hidden": true
    },
    "file/Trinkets_OffhandFix_1.2+1.20.1.zip": {
      "hidden": true
    },
    "file/BetterEndCities-Vanilla.zip": {
      "hidden": true
    },
    "file/Soul_stone_recipe_bygonenether_datapack.zip": {
      "hidden": true
    },
    "file/WDA-VanillaLoot-1.18.2-1.19.2-0.0.1.zip": {
      "hidden": true
    },
    "file/Repurposed_Structures-VillagersPlus_v3.zip": {
      "hidden": true
    },
    "file/Repurposed_Structures-Friends_And_Foes_v4.zip": {
      "hidden": true
    },
    "file/Repurposed_Structures-Bountiful_v3.zip": {
      "hidden": true
    },
    "file/AdventureZ_NetheriteFix_1.0+1.20.1.zip": {
      "hidden": true
    },
    "continuity:default": {
      "hidden": true
    },
    "file/Repurposed_Structures-Better_Dungeons_v5.zip": {
      "hidden": true
    },
    "file/Repurposed_Structures-Better_Monuments_v6.zip": {
      "hidden": true
    },
    "file/Repurposed_Structures-Better_Strongholds_v5.zip": {
      "hidden": true
    },
    "file/Scarecrow_Obliterator.zip": {
      "hidden": true
    },
    "file/Repurposed_Structures-Better_Witch_Huts_v4.zip": {
      "hidden": true
    },
    "file/Repurposed_Structures-Bygone_Nether_v2.zip": {
      "hidden": true
    },
    "file/Repurposed_Structures-Chef's_Delight_v3.zip": {
      "hidden": true
    },
    "file/Repurposed_Structures-Farmers_Delight_v6.zip": {
      "hidden": true
    },
    "file/Repurposed_Structures-Friends_And_Foes_v5.zip": {
      "hidden": true
    },
    "file/backpacked_recipe_fix_datapack.zip": {
      "hidden": true
    },
    "Moonlight Mods Dynamic Assets": {
      "hidden": true
    },
    "file/ichphilipp-s-endcity-vanilla-v1-1-1-18-1-e640.zip": {
      "hidden": true
    }
    }
  }
