{
  "merchantShop": {
    "balls": {
      "cobblemon:poke_ball": 2000,
      "cobblemon:citrine_ball": 2000,
      "cobblemon:verdant_ball": 2000,
      "cobblemon:azure_ball": 2000,
      "cobblemon:roseate_ball": 2000,
      "cobblemon:slate_ball": 2000,
      "cobblemon:premier_ball": 2000,
      "cobblemon:great_ball": 6000,
      "cobblemon:ultra_ball": 8000,
      "cobblemon:safari_ball": 6000,
      "cobblemon:fast_ball": 6000,
      "cobblemon:level_ball": 6000,
      "cobblemon:lure_ball": 6000,
      "cobblemon:heavy_ball": 6000,
      "cobblemon:love_ball": 6000,
      "cobblemon:friend_ball": 6000,
      "cobblemon:moon_ball": 6000,
      "cobblemon:sport_ball": 6000,
      "cobblemon:park_ball": 6000,
      "cobblemon:net_ball": 10000,
      "cobblemon:dive_ball": 10000,
      "cobblemon:nest_ball": 10000,
      "cobblemon:repeat_ball": 10000,
      "cobblemon:timer_ball": 10000,
      "cobblemon:luxury_ball": 30000,
      "cobblemon:dusk_ball": 10000,
      "cobblemon:heal_ball": 3000,
      "cobblemon:quick_ball": 10000,
      "cobblemon:dream_ball": 6000
    },
    "items": {
      "cobblemon:exp_candy_xs": 500,
      "cobblemon:exp_candy_s": 4000,
      "cobblemon:exp_candy_m": 15000,
      "cobblemon:exp_candy_l": 50000,
      "cobblemon:exp_candy_xl": 150000,
      "cobblemon:exp_share": 250000
    }
  },
  "bankItems": {
    "minecraft:emerald": 500
  }
}